Rk,School,G,W,L,W-L%,SRS,SOS,W,L,W,L,W,L,Tm.,Opp.,,Pace,ORtg,FTr,3PAr,TS%,TRB%,AST%,STL%,BLK%,eFG%,TOV%,ORB%,FT/FGA
1,Abilene Christian,30,24,6,0.8,-1.75,-7.48,13,4,12,2,10,4,2231,1904,,67.4,109.4,0.34,0.342,0.568,50.7,58.7,12.6,8.2,0.538,15.7,29.5,0.242
2,Air Force,29,13,16,0.448,-3.17,1.01,8,9,9,6,3,8,1990,2082,,67.5,100,0.282,0.391,0.543,50.1,52.9,7.1,5.6,0.52,17.4,24.1,0.19
3,Akron,30,16,14,0.533,5.51,0.98,8,9,13,3,1,9,2080,1906,,68.3,101.1,0.28,0.474,0.515,48.7,50.2,8.3,8.9,0.487,14.9,26.2,0.195
4,Alabama A&M,31,5,26,0.161,-19.16,-8.23,4,13,4,7,0,16,1880,2219,,67.7,88.6,0.255,0.321,0.482,46.9,52.3,10.7,4.8,0.461,19.7,27.1,0.159
5,Alabama-Birmingham,30,17,13,0.567,-0.03,-1.36,9,8,10,5,6,5,2114,2039,,66.6,104.9,0.295,0.351,0.536,52.6,45.9,9.6,7.6,0.513,14.9,30.4,0.196
6,Alabama State,28,11,17,0.393,-15.3,-7.3,9,8,8,3,2,11,1892,2024,,69.7,96.1,0.379,0.389,0.502,49,43.8,9.2,9.8,0.467,17.9,31,0.25
7,Alabama,30,17,13,0.567,10.72,9.35,8,9,10,5,4,7,2182,2141,,70.1,103.7,0.39,0.369,0.54,52.2,48.9,6.4,12.1,0.509,16.8,31,0.263
8,Albany (NY),31,12,19,0.387,-8.77,-6.27,7,9,6,8,6,9,2096,2154,,66.9,99.5,0.325,0.449,0.532,49.8,55.6,9.2,7.1,0.494,18.3,27.4,0.242
9,Alcorn State,29,10,19,0.345,-20.99,-8.99,6,11,10,3,0,14,1865,2010,,68.6,93.4,0.308,0.382,0.503,50.1,55.8,11.1,9.8,0.473,19.6,30.1,0.206
10,American,30,15,15,0.5,-3.8,-6.84,9,9,8,6,6,8,2161,2070,,67.7,104.7,0.358,0.355,0.562,50.4,51.4,10.7,11,0.533,16.7,26.1,0.25
11,Appalachian State,30,11,19,0.367,-2.96,0.56,6,11,8,4,2,11,2406,2372,,73.9,107.6,0.366,0.413,0.562,48.7,45.8,7.2,6.6,0.53,15.6,26.7,0.261
12,Arizona State,29,20,9,0.69,10.35,5.62,11,6,13,3,5,5,2260,2123,,72.5,106.2,0.43,0.363,0.54,53.2,51.4,8.5,9.4,0.507,15.9,32.9,0.287
13,Arizona,30,17,13,0.567,9.19,6.36,8,9,12,4,4,7,2140,2055,,68.4,103.5,0.327,0.375,0.527,50.4,49.8,7.6,6.4,0.492,14.4,28.8,0.235
14,Little Rock,30,10,20,0.333,-4.16,-1.88,5,12,7,7,3,12,2239,2274,,72.8,101.6,0.414,0.343,0.57,50,54.4,7.6,8.7,0.546,19.9,24.6,0.273
15,Arkansas-Pine Bluff,30,12,18,0.4,-15,-7.37,9,8,8,2,3,16,1965,2153,,67.5,95.5,0.426,0.343,0.522,49.5,52.3,9.8,9.2,0.483,19.6,28.9,0.288
16,Arkansas State,30,13,17,0.433,-6.53,-0.64,7,10,9,3,2,12,2205,2310,,70.6,102,0.387,0.369,0.526,51.6,46.8,8.2,11.8,0.482,17.1,33.1,0.282
17,Arkansas,30,16,14,0.533,12.26,9.06,7,10,11,6,4,7,2283,2187,,72.4,104.3,0.39,0.375,0.541,46.8,59.6,11,14.5,0.513,16.1,28.3,0.257
18,Army,32,13,19,0.406,-7.04,-4.2,8,10,10,4,3,12,2268,2305,,71.7,98.9,0.241,0.442,0.52,48.9,59.6,8.6,4.6,0.497,14.7,21.8,0.165
19,Auburn,30,21,9,0.7,19.78,9.3,10,7,14,2,4,6,2398,2043,,70.2,113,0.312,0.475,0.563,50.4,52.6,12.9,16.2,0.538,15.3,34,0.219
20,Austin Peay,32,22,10,0.688,0.91,-4.79,13,5,10,2,8,7,2645,2330,,72,113.4,0.345,0.341,0.569,52.1,47.1,10.5,9.2,0.54,14.2,33.4,0.245
21,Ball State,30,15,15,0.5,4.17,1.69,6,11,7,6,7,7,2274,2156,,71.9,103.7,0.383,0.327,0.558,51.3,47.4,9.3,8.7,0.524,17.5,27.6,0.271
22,Baylor,30,19,11,0.633,13.47,7.87,10,7,13,5,5,5,2157,1989,,66.5,107.6,0.33,0.4,0.54,54.8,55.3,9.3,14.1,0.513,16.6,38,0.222
23,Belmont,29,25,4,0.862,8.83,-4.1,16,2,13,1,12,3,2562,2146,,74.7,117.2,0.29,0.437,0.609,52.8,62.6,9.3,9.6,0.586,13.9,25.6,0.213
24,Bethune-Cookman,30,14,16,0.467,-11.17,-9.17,9,7,11,3,3,12,2219,2165,,74.1,99,0.366,0.333,0.517,52,53.2,9.9,9.2,0.495,18.2,33.9,0.224
25,Binghamton,31,9,22,0.29,-13.57,-4.64,5,11,5,11,4,11,2023,2220,,67.6,96.6,0.247,0.427,0.522,45.7,41.5,8.3,12.6,0.503,16.6,21.2,0.16
26,Boise State,30,11,19,0.367,3.04,1.24,6,11,7,7,3,10,2149,2077,,66.8,106.4,0.326,0.396,0.565,49.5,46,8.8,6.5,0.536,15.4,23.7,0.233
27,Boston College,29,14,15,0.483,7.53,8.35,5,12,10,7,2,8,2079,2103,,68.5,103,0.348,0.381,0.528,49.2,49.5,7.4,9,0.495,15.4,28.5,0.242
28,Boston University,33,15,18,0.455,-6.16,-4.94,7,11,7,7,8,9,2385,2387,,68.1,105.8,0.243,0.332,0.556,51.5,48.5,8.8,6.6,0.537,16.5,28.7,0.166
29,Bowling Green State,30,20,10,0.667,4.4,0.26,12,5,14,2,5,7,2352,2172,,72.6,107.2,0.352,0.357,0.533,53.6,46.9,9.4,8,0.504,14.1,31.5,0.236
30,Bradley,31,17,14,0.548,-0.44,-1.48,9,9,10,6,5,8,2093,2046,,66.6,101,0.37,0.347,0.534,50.5,51.9,8.7,11.3,0.502,16.8,27.5,0.253
31,Brigham Young,31,19,12,0.613,7.45,3.77,11,5,13,3,5,8,2470,2356,,71.8,109.7,0.396,0.367,0.571,49.1,55.5,8.7,8.7,0.535,13.7,23.9,0.289
32,Brown,28,18,10,0.643,0.32,-3.37,6,6,12,3,6,7,2091,1924,,72.6,101.9,0.383,0.399,0.55,50.5,51.7,10.1,11,0.514,16.9,24.3,0.272
33,Bryant,30,10,20,0.333,-14.73,-7.2,7,11,8,6,2,13,2088,2314,,69.2,100.6,0.368,0.421,0.529,47.3,45,7.6,7.5,0.49,16.3,26.7,0.262
34,Bucknell,31,20,11,0.645,0.7,-2.78,13,5,10,3,7,7,2357,2249,,71.2,106.4,0.331,0.453,0.561,49.9,59.2,7.4,9,0.526,15.4,25.7,0.246
35,Buffalo,30,27,3,0.9,15.66,2.17,15,2,13,0,12,3,2550,2125,,74.9,113,0.321,0.433,0.564,52.4,56.3,9.7,10.5,0.538,13.9,31.9,0.223
36,Butler,30,16,14,0.533,11.24,8.67,7,10,12,4,2,8,2171,2094,,67.2,106.8,0.254,0.428,0.548,49,50.4,8.5,6,0.52,14.3,26.2,0.189
37,Cal Poly,28,6,22,0.214,-13.47,-3.05,2,13,4,6,1,14,1848,2091,,66.5,97.2,0.257,0.401,0.498,46.9,42.9,7.4,8.8,0.476,15,26.3,0.166
38,Cal State Bakersfield,29,16,13,0.552,-3.68,-2.02,7,8,9,4,5,7,2080,2046,,67.5,104.8,0.293,0.345,0.513,53.3,45.4,9.6,10.7,0.487,15.8,37.7,0.195
39,Cal State Fullerton,29,14,15,0.483,-1.7,-0.55,10,5,9,2,4,11,2117,2056,,71.3,100.7,0.38,0.307,0.543,50.8,48.2,8.2,8.6,0.508,16.7,23.9,0.266
40,Cal State Northridge,31,13,18,0.419,-6.21,-3.51,7,8,7,8,4,9,2375,2452,,71.8,105.4,0.325,0.312,0.542,48.2,53.2,8.8,11.3,0.523,15,28.1,0.206
41,California Baptist,29,16,13,0.552,-3.6,-4.36,7,8,8,6,7,5,2285,2110,,70.5,109.9,0.311,0.428,0.57,52.1,41.9,6.8,7.1,0.532,15.2,28.3,0.243
42,UC-Davis,29,11,18,0.379,-5.51,-0.58,7,8,7,4,3,12,1897,1982,,67.1,96.2,0.32,0.377,0.529,46.5,51.6,9.3,6.8,0.495,17.8,21.7,0.229
43,UC-Irvine,31,26,5,0.839,5.53,-2.27,14,1,11,2,12,2,2235,1967,,66.3,107,0.3,0.323,0.539,55.2,49.7,8.5,11.1,0.513,15.5,34.7,0.206
44,UC-Riverside,31,9,22,0.29,-10.75,-2.89,3,12,7,7,1,14,2038,2146,,64.5,101.5,0.238,0.416,0.544,50.6,54.1,7.8,5.3,0.523,17.6,26.9,0.165
45,UC-Santa Barbara,29,20,9,0.69,-0.7,-4.81,9,6,12,3,5,6,2129,1900,,65.7,110.8,0.379,0.334,0.548,54.9,54.1,7.6,9.4,0.511,14.3,35.5,0.271
46,University of California,30,8,22,0.267,-2.99,5.72,3,15,7,9,0,10,2070,2331,,68.6,100.1,0.348,0.338,0.526,45,45.4,10.4,9.5,0.487,14.8,23.9,0.252
47,Campbell,31,20,11,0.645,-3,-4.53,12,4,11,3,5,7,2352,2165,,68.1,110.9,0.321,0.484,0.573,47.8,55.5,9.8,10.2,0.538,13.5,23.5,0.244
48,Canisius,30,14,16,0.467,-7.93,-4.06,11,7,5,8,9,5,2122,2238,,68.8,101.9,0.31,0.435,0.536,47.5,58.8,9.3,9.5,0.508,16.3,27.2,0.214
49,Central Arkansas,30,12,18,0.4,-11.37,-3.59,7,10,8,5,4,13,2175,2303,,72.6,99,0.339,0.407,0.536,48.1,57.1,8.2,10.5,0.5,17.8,24.5,0.246
50,Central Connecticut State,31,11,20,0.355,-13.5,-6.19,5,13,5,7,5,12,2205,2367,,70.4,99.4,0.348,0.336,0.52,50.1,46.8,7.8,10.9,0.469,16.8,29.9,0.272
51,Central Florida,29,23,6,0.793,13.9,4.52,13,4,14,2,5,4,2119,1847,,67,108.7,0.475,0.357,0.56,51.6,54,8.6,12.6,0.534,15,29.5,0.305
52,Central Michigan,30,20,10,0.667,3.08,-0.22,9,8,12,4,6,5,2477,2282,,73.4,110.2,0.433,0.373,0.552,50.6,47,10.3,8,0.52,14.4,32.9,0.291
53,Charleston Southern,31,17,14,0.548,-1.86,-4.3,9,7,11,4,4,10,2385,2167,,72.2,105.8,0.283,0.446,0.534,51.2,53,11,9.9,0.51,15.4,31.6,0.191
54,Charlotte,28,7,21,0.25,-8.24,-0.24,4,13,5,9,2,9,1698,1922,,65.7,92.3,0.36,0.424,0.523,48,49,7.3,11.2,0.478,20,21.7,0.268
55,Chattanooga,31,12,19,0.387,-7.8,-0.58,7,11,8,6,4,11,2204,2308,,69.5,101.8,0.24,0.424,0.54,48.6,50.1,6.2,6.5,0.52,16.1,24.3,0.165
56,Chicago State,30,3,27,0.1,-24.24,1.23,0,15,3,7,0,19,1860,2548,,72,86.1,0.33,0.268,0.487,44.7,52.6,8.4,6.1,0.453,20.1,22.5,0.221
57,Cincinnati,30,25,5,0.833,14.85,4.32,14,3,16,1,7,3,2152,1836,,64.9,109.5,0.374,0.332,0.529,54.2,55.2,10.1,15.2,0.49,13.6,37.2,0.266
58,Citadel,29,12,17,0.414,-6.85,0.31,4,14,8,7,4,10,2482,2484,,76.7,110.6,0.267,0.532,0.568,47.6,51.9,8.7,10.8,0.542,14.5,26.6,0.198
59,Clemson,30,18,12,0.6,14.88,9.68,8,9,12,4,4,6,2084,1928,,67.5,102.9,0.328,0.357,0.553,52.4,49.1,9.6,13.2,0.52,17.5,26.8,0.24
60,Cleveland State,31,10,21,0.323,-7.69,-1.24,5,13,8,9,2,12,2300,2437,,71.4,103.1,0.319,0.447,0.545,47.5,57.6,7.8,8.3,0.518,16.3,26.7,0.218
61,Coastal Carolina,29,15,14,0.517,0.37,-1.89,9,8,8,3,5,10,2247,2111,,70.8,108.4,0.406,0.385,0.568,53.1,51.3,9.1,8.2,0.531,17.4,32,0.294
62,Colgate,32,22,10,0.688,0.81,-4.19,13,5,12,1,9,9,2404,2231,,67.7,109.6,0.274,0.404,0.579,52.8,56.8,8.8,10.1,0.553,16.7,29.5,0.203
63,College of Charleston,31,23,8,0.742,2.8,-2.57,12,6,13,2,8,5,2313,2134,,66.4,111.5,0.347,0.368,0.581,50.8,43.3,9.9,7.2,0.544,14.1,26,0.265
64,Colorado State,30,12,18,0.4,0.69,1.83,7,10,8,8,3,8,2276,2275,,69.3,109,0.329,0.395,0.577,49.9,54.3,8.9,6.8,0.552,15,24.5,0.229
65,Colorado,29,18,11,0.621,9.8,3.42,9,8,11,2,5,8,2171,1986,,70,106.5,0.368,0.351,0.557,54,51,7.5,8.5,0.518,16.5,30.2,0.272
66,Columbia,26,9,17,0.346,-5.07,-1.7,4,8,4,6,4,9,1908,1903,,69.4,102.3,0.215,0.38,0.539,50.3,57.5,10.8,8.8,0.518,16.1,26.2,0.152
67,Connecticut,30,14,16,0.467,7.78,4.28,5,12,13,4,0,8,2229,2124,,70,105.7,0.315,0.368,0.535,50.9,47.1,8.9,12,0.508,15.7,32.9,0.215
68,Coppin State,31,7,24,0.226,-19.07,-6.3,7,9,3,7,3,16,1958,2354,,72,87.4,0.358,0.46,0.484,48.5,44.4,7.4,9.2,0.449,20.3,25.1,0.236
69,Cornell,28,13,15,0.464,-6.64,-1.33,5,7,7,4,6,11,1922,2003,,69.5,97.4,0.328,0.432,0.538,46.6,59.6,8.2,8.4,0.505,17,18.4,0.235
70,Creighton,30,17,13,0.567,12.66,9.32,8,9,10,6,4,7,2368,2221,,70.2,110.6,0.286,0.47,0.592,50.3,56.1,9.4,7.3,0.574,16.6,25.5,0.198
71,Dartmouth,28,11,17,0.393,-4.49,-2.26,2,10,8,6,2,10,2043,1980,,68.3,105.9,0.25,0.42,0.56,50,53.7,7.6,9.1,0.537,15.4,23.9,0.18
72,Davidson,30,22,8,0.733,7.84,2.22,13,4,14,1,6,5,2141,1944,,66.1,107.6,0.278,0.477,0.568,50.8,58.5,7.7,7.4,0.54,15,23.1,0.207
73,Dayton,30,20,10,0.667,10.7,3.17,12,5,13,4,6,3,2200,1974,,66.3,109.2,0.332,0.343,0.583,52.1,60.2,7.5,6.9,0.561,16.5,26.5,0.228
74,Delaware State,29,5,24,0.172,-26.82,-9.42,2,14,3,9,2,14,1828,2229,,72.8,86.6,0.25,0.407,0.447,46.6,47.5,9.5,5.9,0.415,16.8,27.5,0.17
75,Delaware,31,16,15,0.516,-7.99,-4.62,8,10,9,7,7,8,2193,2223,,64.8,106.1,0.317,0.41,0.562,48.7,50.7,6.8,6.8,0.532,15.4,23.8,0.23
76,Denver,30,8,22,0.267,-11.46,-2.6,3,13,6,7,1,14,2086,2319,,69.1,100.3,0.267,0.361,0.537,51.5,46.9,6.8,7.9,0.504,17.4,26.7,0.203
77,DePaul,28,15,13,0.536,7.65,5,7,10,12,6,3,7,2154,2080,,70.8,108.2,0.356,0.332,0.56,53.9,53.3,9,9.1,0.526,16.7,32.8,0.256
78,Detroit Mercy,31,11,20,0.355,-6,-0.04,8,10,6,6,4,14,2279,2464,,70.4,104.3,0.31,0.44,0.53,45.7,40.7,10.9,7,0.497,14.2,28.8,0.222
79,Drake,31,23,8,0.742,3.27,-0.01,12,6,13,2,7,5,2354,2185,,69.6,107.3,0.322,0.407,0.577,51.6,58.3,7.3,10,0.545,16.8,25.8,0.242
80,Drexel,31,13,18,0.419,-6.35,-2.52,7,11,9,7,3,11,2364,2402,,70,108.9,0.31,0.353,0.56,51.9,52.9,6.2,4.9,0.525,14.6,28.9,0.235
81,Duke,30,26,4,0.867,29.18,11.58,14,3,15,2,7,1,2538,2010,,73.9,114.1,0.349,0.379,0.565,54.2,52.3,13,16.7,0.539,14.8,36.5,0.24
82,Duquesne,30,19,11,0.633,1.2,-0.6,10,7,14,3,4,6,2198,2144,,70.5,102.7,0.355,0.447,0.532,48.2,55.3,11.4,12.3,0.498,17.3,31.9,0.246
83,East Carolina,29,10,19,0.345,-5.5,0.91,3,14,8,8,1,11,1958,2144,,70.2,95,0.356,0.304,0.496,48.2,50.5,10.5,10.2,0.459,16.6,28.2,0.242
84,East Tennessee State,31,23,8,0.742,6.43,-1.74,13,5,13,2,8,6,2473,2124,,70.1,112.4,0.307,0.363,0.573,58,53.4,10.5,11.6,0.555,17,38.1,0.204
85,Eastern Illinois,32,14,18,0.438,-11.81,-5,7,11,7,6,5,10,2299,2457,,69,101.7,0.285,0.384,0.53,49.2,52.5,8.8,10.7,0.503,16.4,29.3,0.196
86,Eastern Kentucky,31,13,18,0.419,-7.33,-2.4,6,12,9,5,3,11,2562,2577,,79.9,101.3,0.321,0.392,0.523,47.5,50.8,12.5,8,0.488,15.4,27.7,0.229
87,Eastern Michigan,30,15,15,0.5,1.42,4.84,9,8,11,6,4,9,2102,2088,,67,103.3,0.333,0.348,0.528,51.3,45.6,11,13.6,0.507,17.4,35.9,0.209
88,Eastern Washington,30,13,17,0.433,-7.4,-3.78,11,8,9,4,2,13,2151,2237,,69.4,101.6,0.265,0.438,0.529,49.3,53.9,8.1,8.6,0.499,14.8,24.3,0.192
89,Elon,31,11,20,0.355,-10.85,-2.85,7,11,5,11,6,7,2180,2352,,68.8,101.4,0.238,0.513,0.548,47.9,58.2,6,5,0.527,16.8,23,0.165
90,Evansville,32,11,21,0.344,-3.44,0.53,5,13,9,7,2,13,2234,2317,,70.8,97.5,0.372,0.437,0.535,47.3,52.7,8.1,7.1,0.495,16.6,18.9,0.268
91,Fairfield,31,9,22,0.29,-9.8,-6.74,6,12,5,7,3,13,2072,2167,,68.1,98.1,0.239,0.422,0.53,47.6,52.7,9.6,6,0.507,18.2,25.8,0.166
92,Fairleigh Dickinson,31,18,13,0.581,-5.83,-7.79,12,6,12,4,6,9,2338,2214,,69,107.5,0.351,0.344,0.573,49.3,53.9,11.1,10,0.542,17,28.8,0.253
93,Florida A&M,31,12,19,0.387,-13.3,-7.81,9,7,6,3,5,14,1927,2057,,67.1,92.3,0.307,0.298,0.513,47.9,49.4,10.8,10.7,0.493,21,27.9,0.188
94,Florida Atlantic,30,17,13,0.567,-0.17,-1.2,8,9,9,5,6,7,2139,2042,,70.6,99.7,0.284,0.452,0.522,53,51.6,7.9,8.2,0.486,17.8,30.7,0.211
95,Florida Gulf Coast,32,14,18,0.438,-4.76,-1.12,9,7,10,4,4,10,2280,2360,,71.1,100.2,0.329,0.405,0.552,48.3,55.5,9.5,11.6,0.528,18.8,25.6,0.22
96,Florida International,30,18,12,0.6,-3.83,-1.14,9,8,11,4,5,8,2513,2426,,81.4,102.9,0.374,0.418,0.533,45.8,50.3,13,11,0.508,15.2,26.2,0.239
97,Florida State,30,24,6,0.8,18.14,9.64,12,5,15,1,5,4,2285,2030,,70,107.5,0.373,0.381,0.551,53.3,50.2,10.3,12.8,0.51,16.4,33.3,0.277
98,Florida,30,17,13,0.567,15.56,10.56,9,8,9,6,5,5,2060,1910,,65.3,103.9,0.298,0.437,0.529,49.4,50.8,11.2,12,0.496,15.4,31.2,0.216
99,Fordham,30,12,18,0.4,-4.1,-1.9,3,14,9,10,3,7,2001,2017,,66.6,98.9,0.251,0.445,0.505,47.4,47.8,8.9,9.6,0.48,14.1,25.2,0.171
100,Fresno State,29,21,8,0.724,9.34,1.59,12,5,12,4,7,3,2191,1946,,69.5,108.2,0.314,0.472,0.565,51.1,52.4,10,10.2,0.537,16.1,27.6,0.226
101,Furman,30,24,6,0.8,8.35,-1.58,13,5,13,2,11,4,2345,1966,,68.5,112.3,0.263,0.475,0.583,51.4,56.1,12.7,11.7,0.561,15.7,29.8,0.188
102,Gardner-Webb,32,21,11,0.656,-3.38,-5.34,11,6,13,0,6,9,2507,2258,,69.2,110.6,0.38,0.365,0.584,49.5,53.2,10,9.1,0.555,14.9,24.8,0.269
103,George Mason,30,16,14,0.533,1.37,0.84,10,7,11,6,5,6,2115,2099,,68.7,101.7,0.35,0.337,0.538,50.8,47.5,9.2,8.4,0.501,16.8,28.3,0.251
104,George Washington,30,8,22,0.267,-6.15,1.95,4,13,6,10,2,10,1907,2150,,67.8,92.7,0.323,0.345,0.497,47.4,49.5,7.3,8.1,0.462,16.7,22.8,0.221
105,Georgetown,30,18,12,0.6,7.93,5.73,8,9,13,5,4,6,2414,2348,,73.6,106.3,0.374,0.38,0.552,52.5,62.2,8,10.5,0.512,15.8,29.4,0.277
106,Georgia Southern,30,20,10,0.667,4.43,0.43,12,5,10,3,7,7,2502,2265,,75.8,109.1,0.368,0.311,0.581,50.6,40.4,10.4,10.1,0.557,16.1,26.9,0.252
107,Georgia State,30,21,9,0.7,2.36,0.26,12,5,13,1,6,7,2321,2212,,71.3,108.6,0.338,0.439,0.574,45.6,46.6,11.3,14.3,0.555,14.8,23.4,0.222
108,Georgia Tech,31,14,17,0.452,7.94,8.98,6,12,11,7,3,9,2020,2052,,68.3,95,0.351,0.334,0.523,48.5,57.6,10.2,14.5,0.489,19,25.3,0.244
109,Georgia,30,11,19,0.367,6.6,8.6,2,15,8,9,2,8,2167,2227,,70.5,102.5,0.394,0.366,0.547,52.4,54.9,8.2,12,0.508,19.3,33.5,0.282
110,Gonzaga,31,29,2,0.935,29.58,4.68,16,0,17,0,9,1,2785,2013,,71.8,125.1,0.362,0.352,0.63,54.5,55.8,10.5,13.7,0.598,12.5,31,0.279
111,Grambling,30,15,15,0.5,-9.53,-8.93,9,8,8,3,6,11,2157,2071,,71.9,99.2,0.428,0.302,0.547,50.6,50.5,8.3,11.7,0.513,19.5,26.7,0.29
112,Grand Canyon,29,18,11,0.621,5.82,-1.89,10,5,12,2,5,5,2202,1955,,69.7,108.4,0.351,0.383,0.558,52.6,55.6,9.1,6.2,0.522,15.4,29.8,0.258
113,Green Bay,32,17,15,0.531,-3.11,-0.11,10,8,12,3,4,12,2599,2567,,76.7,105,0.349,0.364,0.548,47.6,51.4,10.3,10.7,0.516,14.6,25,0.248
114,Hampton,31,15,16,0.484,-3.89,-4.96,9,7,10,3,5,10,2533,2380,,72.8,109.6,0.354,0.385,0.547,50.2,50.6,8.4,9.5,0.5,12.6,27.9,0.276
115,Hartford,31,17,14,0.548,-3.3,-4.2,10,6,9,4,8,8,2314,2247,,68.2,108.1,0.323,0.452,0.574,47.6,54.5,10,6,0.542,15.8,25.3,0.24
116,Harvard,25,16,9,0.64,2.61,0.57,9,3,9,2,6,7,1781,1720,,68.4,102.1,0.304,0.417,0.571,53.3,49.1,8.1,11.3,0.548,20.4,26.9,0.211
117,Hawaii,29,17,12,0.586,-1.02,-3.13,8,7,12,5,2,5,2104,2004,,67.7,106.2,0.337,0.432,0.556,50.7,61.2,7.6,5.8,0.53,15.3,26.3,0.231
118,High Point,31,16,15,0.516,-5.45,-4.21,9,7,9,4,5,8,2115,2105,,65.5,103,0.351,0.339,0.527,55,52.9,8.3,9.8,0.496,16.8,34.2,0.238
119,Hofstra,31,25,6,0.806,5.8,-4.67,15,3,15,1,10,5,2613,2246,,68.5,119.8,0.372,0.395,0.61,50.8,49.9,9.3,8.7,0.569,12.4,27.6,0.297
120,Holy Cross,33,16,17,0.485,-6.05,-3.62,6,12,8,6,6,10,2216,2296,,65,102.1,0.231,0.365,0.544,43.5,60.1,11.1,12.4,0.527,14.7,20.5,0.154
121,Houston Baptist,28,12,16,0.429,-8.45,-4.68,8,9,9,4,3,12,2317,2327,,75.3,107.6,0.416,0.308,0.547,52.7,51.3,10.3,4.7,0.514,16.7,35.4,0.282
122,Houston,30,28,2,0.933,17.75,2.98,15,2,18,1,9,1,2284,1841,,67.7,112.5,0.321,0.435,0.558,55.2,57,9.8,13.5,0.528,14.5,34,0.228
123,Howard,31,16,15,0.516,-12.19,-9.33,10,6,6,8,8,7,2463,2434,,74.7,105.5,0.364,0.305,0.528,48.7,48.5,7.6,10.6,0.488,14.1,30.6,0.264
124,Idaho State,28,10,18,0.357,-12.33,-3.8,6,13,5,6,5,11,2048,2207,,68.8,106.3,0.279,0.425,0.554,48.7,48.8,7.3,7.8,0.525,15.4,27.1,0.205
125,Idaho,30,5,25,0.167,-18.75,-5.49,2,17,4,11,1,11,2035,2315,,68.1,99.1,0.289,0.388,0.543,47.8,51.4,5.8,4.9,0.513,18.2,24.3,0.209
126,Illinois-Chicago,32,16,16,0.5,-2.89,-1.72,10,8,12,4,4,12,2391,2385,,71.5,103.3,0.279,0.455,0.561,48.4,55.3,9.1,10.6,0.54,17.7,24.8,0.19
127,Illinois State,32,17,15,0.531,-1.28,0.6,9,9,12,4,2,10,2195,2236,,67.9,100.3,0.283,0.388,0.529,49.6,52.1,7,9.8,0.499,16.3,25.2,0.202
128,Illinois,30,11,19,0.367,10.52,12.29,7,12,9,5,1,8,2206,2259,,71.6,101.9,0.301,0.383,0.526,47.4,50.8,10.3,7.3,0.496,15.8,29.2,0.21
129,Incarnate Word,30,6,24,0.2,-17.95,-4.72,1,16,5,9,0,13,1992,2274,,66.8,98.2,0.371,0.329,0.572,46.9,49.9,8.8,5.2,0.522,21.9,24,0.3
130,Indiana State,31,15,16,0.484,-2.35,0.99,7,11,9,5,4,9,2146,2218,,69.3,99,0.361,0.286,0.533,48.4,45.2,9.6,6.8,0.492,16.9,23.8,0.264
131,Indiana,30,16,14,0.533,15.09,11.49,7,12,12,5,2,9,2125,2017,,67.8,102.8,0.347,0.334,0.535,51,50.8,9.4,12.1,0.51,16.1,28.6,0.227
132,Iona,29,14,15,0.483,-5.49,-5.49,12,6,8,3,5,9,2232,2232,,72.1,106.8,0.367,0.438,0.565,48.5,51,9.3,8.2,0.528,15.8,25.2,0.27
133,Iowa State,30,20,10,0.667,17.68,8.22,9,8,12,3,5,6,2336,2052,,68.8,113.1,0.294,0.396,0.577,50.5,55.3,10.5,12.6,0.549,13.9,28.8,0.215
134,Iowa,30,21,9,0.7,14.57,9.37,10,9,14,4,4,4,2357,2201,,70.6,110.9,0.434,0.395,0.573,50.9,59.7,9,9.4,0.529,15.2,30.1,0.324
135,Purdue-Fort Wayne,31,17,14,0.548,-3.9,-3.15,9,7,11,5,6,9,2572,2425,,73.6,111.8,0.27,0.459,0.586,48.9,53.2,9.9,11.8,0.567,14.5,24.2,0.189
136,IUPUI,32,16,16,0.5,-2.5,-3,8,10,11,4,3,12,2434,2351,,71.3,106.8,0.362,0.351,0.545,53.3,53.4,9.8,9.2,0.512,16.6,34.9,0.254
137,Jackson State,30,12,18,0.4,-14.6,-8.85,9,8,7,3,3,14,1843,1979,,67.5,90.7,0.331,0.317,0.477,50.5,49.3,9.5,11.7,0.449,17.6,28.6,0.206
138,Jacksonville State,32,24,8,0.75,1.46,-5.91,15,3,11,1,10,7,2500,2207,,71.3,107.5,0.312,0.311,0.546,54.3,47.5,10.2,12.1,0.51,15.7,33.4,0.232
139,Jacksonville,32,12,20,0.375,-8,-4.47,5,11,5,8,6,11,2385,2402,,73.3,101.3,0.298,0.33,0.535,50.5,51.3,9,13,0.51,17.2,28.4,0.202
140,James Madison,31,13,18,0.419,-8.19,-3.71,6,12,8,6,4,11,2181,2260,,66.1,103.9,0.328,0.368,0.539,50.7,49.5,9.2,8.7,0.505,16.4,30.4,0.236
141,Kansas State,30,23,7,0.767,15.35,8.78,13,4,12,2,7,5,1975,1778,,65,101.3,0.317,0.375,0.525,51.2,57.9,11.3,7.7,0.498,15.6,28,0.212
142,Kansas,30,22,8,0.733,18.3,12.9,11,6,15,0,3,8,2266,2104,,70.6,105.7,0.33,0.362,0.557,51.4,49.1,9.5,10.3,0.529,16.5,28.9,0.23
143,Kennesaw State,32,6,26,0.188,-16.01,-0.87,3,13,6,8,0,15,2030,2455,,70.9,89.1,0.303,0.225,0.456,48.7,48.9,8.1,8.7,0.416,16.4,29.4,0.211
144,Kent State,30,21,9,0.7,2.2,0.95,10,7,13,3,8,6,2255,2176,,69.5,107.3,0.33,0.376,0.534,50.9,50,9.9,10.3,0.499,14.3,33.4,0.237
145,Kentucky,30,25,5,0.833,21.67,10,14,3,16,1,8,2,2315,1965,,68.3,112.5,0.427,0.307,0.575,56.5,51.9,8.9,14.2,0.534,16,36.5,0.315
146,La Salle,29,9,20,0.31,-3.06,2.04,7,10,4,9,3,8,1962,2110,,69.8,96.9,0.284,0.43,0.513,48.8,53.3,10.8,8.4,0.473,17.8,28.6,0.218
147,Lafayette,30,10,20,0.333,-10.76,-4.52,7,11,4,11,6,9,2209,2349,,70.4,102.9,0.245,0.412,0.554,48.3,52.2,7.3,10.7,0.528,16.8,22.6,0.182
148,Lamar,30,18,12,0.6,-5.76,-6.3,11,6,12,2,6,10,2361,2109,,71.5,108.2,0.428,0.338,0.548,54.7,53.6,12.2,8.7,0.513,17,37.1,0.293
149,Lehigh,30,20,10,0.667,-1.35,-4.28,12,6,10,3,9,7,2404,2316,,72.3,110,0.345,0.385,0.601,50.6,55,7.5,6.4,0.566,16.8,23.9,0.266
150,Liberty,33,27,6,0.818,4.65,-5.39,14,2,15,1,10,3,2442,1998,,65.3,113.3,0.26,0.437,0.597,51.8,54.8,10,8.3,0.571,15.2,26,0.2
151,Lipscomb,31,25,6,0.806,8.95,-3.19,14,2,13,2,11,4,2602,2135,,75.2,111.6,0.371,0.394,0.591,53.4,59.9,10.2,7.6,0.556,15.9,27.1,0.279
152,Long Beach State,32,14,18,0.438,-4.42,-0.22,8,8,9,5,4,12,2410,2443,,73.7,101,0.41,0.313,0.526,48.9,46.6,8.4,7.7,0.486,16.6,29.1,0.284
153,Long Island University,31,16,15,0.516,-8.2,-8.57,9,9,8,5,7,8,2309,2265,,73.2,101.4,0.347,0.428,0.545,50.2,52.1,9.5,12,0.512,17.8,27.6,0.245
154,Longwood,32,15,17,0.469,-9.61,-7.2,5,11,9,5,5,11,2228,2243,,68.9,99.9,0.345,0.501,0.545,50.8,49.1,8.9,7.4,0.509,18.3,24.7,0.252
155,Louisiana,30,18,12,0.6,-1.5,-0.82,9,8,10,4,5,7,2453,2418,,75.4,108.1,0.357,0.408,0.555,48.3,52.7,9.4,9.8,0.516,15.4,29.6,0.267
156,Louisiana-Monroe,29,15,14,0.517,0.14,-1.58,8,9,12,2,3,11,2269,2179,,69.3,111.9,0.372,0.432,0.579,49,52.3,8.4,5.6,0.538,14.3,26.8,0.288
157,Louisiana State,30,25,5,0.833,17.19,8.89,15,2,14,2,9,1,2451,2202,,70.9,112,0.389,0.342,0.559,53.2,45.8,12.8,12.2,0.514,15.4,37.1,0.295
158,Louisiana Tech,31,19,12,0.613,1.44,-2.04,9,9,15,1,4,10,2273,2122,,68.4,105.9,0.358,0.392,0.533,50.8,52.3,8.4,10.4,0.505,14.6,30.1,0.237
159,Louisville,30,19,11,0.633,18.28,11.02,10,7,14,4,5,5,2247,2029,,68.7,107.2,0.366,0.433,0.556,52.5,53.6,6.7,7.7,0.512,15.8,29,0.283
160,Loyola (IL),31,19,12,0.613,4.53,0.03,12,6,13,4,5,6,2052,1889,,63.7,104,0.342,0.337,0.579,51,55.7,10.1,7.4,0.558,17.4,20.1,0.229
161,Loyola Marymount,30,20,10,0.667,3.6,1.53,8,8,11,4,7,6,2029,1883,,65.4,103.4,0.381,0.284,0.545,52.8,56.3,11.1,10.5,0.501,17.2,30.8,0.285
162,Loyola (MD),32,11,21,0.344,-8.65,-4.12,7,11,7,5,3,16,2332,2477,,70.4,102.4,0.336,0.336,0.548,48.3,53.2,12.2,6.2,0.516,17.3,27.3,0.239
163,Maine,31,5,26,0.161,-14.58,-3.85,3,13,3,9,2,17,1931,2198,,64.8,93.8,0.261,0.374,0.51,49,63.4,11.5,10.9,0.489,19.1,26.4,0.168
164,Manhattan,31,11,20,0.355,-12.37,-6.75,8,10,4,9,4,11,1768,1942,,62.8,90.8,0.331,0.41,0.493,48.9,55.3,10.9,8.8,0.474,20.9,29.2,0.192
165,Marist,31,12,19,0.387,-9.03,-7.06,7,11,4,7,6,11,2086,2147,,65.6,101.8,0.322,0.41,0.549,48.8,51,8.4,6.2,0.523,16.9,24.2,0.22
166,Marquette,30,23,7,0.767,16.12,7.55,12,5,16,2,6,4,2316,2059,,70.4,108.3,0.338,0.415,0.583,53.1,51.4,6.9,11.8,0.547,17.6,28.5,0.259
167,Marshall,30,17,13,0.567,-1.72,0.55,10,7,11,3,6,10,2416,2484,,76.4,104.1,0.306,0.448,0.548,43.7,50.1,11.8,11.2,0.516,14.6,22.9,0.222
168,Maryland-Baltimore County,31,19,12,0.613,-5.52,-5.67,11,5,11,4,6,7,2095,1972,,66.1,99.8,0.295,0.427,0.53,50.2,55.1,11.6,9,0.504,16.5,25.5,0.202
169,Maryland-Eastern Shore,31,7,24,0.226,-23.73,-7.18,5,11,4,7,2,17,1779,2228,,65.6,87.1,0.291,0.354,0.474,45.5,54.6,8.7,7.5,0.442,18.4,23.4,0.196
170,Maryland,30,21,9,0.7,17.03,10.37,12,7,14,3,6,5,2153,1953,,66.4,108.1,0.33,0.371,0.559,56.4,51.9,6.5,13.1,0.524,17.2,34.3,0.245
171,Massachusetts-Lowell,31,15,16,0.484,-7.61,-6.51,7,9,8,5,5,11,2386,2342,,72.2,105.8,0.347,0.392,0.569,49.8,57.5,7.8,6.8,0.538,17.3,27.1,0.25
172,Massachusetts,30,11,19,0.367,-1.81,0.46,4,13,9,8,1,10,2124,2192,,68.4,103.1,0.317,0.396,0.539,52.2,59.3,7.2,7.8,0.511,17.3,31.4,0.218
173,McNeese State,30,9,21,0.3,-13.41,-5.79,5,12,7,8,2,13,2091,2220,,68.5,101.3,0.39,0.324,0.545,50.9,56.5,6.9,8.8,0.506,18.6,30.6,0.279
174,Memphis,30,18,12,0.6,10.01,4.65,10,7,14,2,3,7,2455,2294,,76.2,106.6,0.376,0.359,0.555,51.5,54.6,10.5,10.5,0.521,17.1,33.3,0.266
175,Mercer,30,11,19,0.367,-2.38,-0.06,6,12,9,6,2,12,2174,2161,,69.1,104.4,0.373,0.383,0.546,49.3,50.3,9.5,8.7,0.515,16.5,29.1,0.255
176,Miami (FL),29,13,16,0.448,10.59,9.11,5,12,11,5,0,9,2092,2049,,68.8,104.4,0.308,0.435,0.543,47.8,51.1,9.8,8.9,0.509,15.2,26,0.227
177,Miami (OH),30,15,15,0.5,2.47,2.75,7,10,10,5,4,8,2159,2087,,68.7,104.3,0.338,0.447,0.54,51.9,45.4,8.6,8.7,0.506,16.1,29.4,0.241
178,Michigan State,30,24,6,0.8,25.34,11.47,15,4,14,1,8,4,2396,1980,,68.9,115,0.344,0.375,0.593,55.7,68.4,7.7,14,0.562,16.1,34.5,0.256
179,Michigan,30,26,4,0.867,22.28,9.91,15,4,17,1,7,3,2120,1749,,65.5,107.8,0.289,0.398,0.546,50.7,52.3,9.3,10.5,0.52,12.3,25.1,0.2
180,Middle Tennessee,30,10,20,0.333,-5.36,2.43,7,10,8,5,2,11,2032,2196,,70.7,95.8,0.302,0.342,0.508,52.4,44.9,8.6,7.5,0.479,19.5,32.2,0.205
181,Milwaukee,31,9,22,0.29,-8.61,-2.21,4,14,6,8,3,12,2146,2315,,68.9,100,0.279,0.38,0.521,49.3,46.4,6.8,9.4,0.485,15.6,26,0.208
182,Minnesota,30,19,11,0.633,13.33,10.53,9,10,14,3,2,8,2146,2062,,68.5,104.4,0.43,0.291,0.523,52.6,58.9,7.2,10.9,0.485,15.2,32.6,0.291
183,Mississippi State,30,21,9,0.7,16.38,9.45,9,8,13,3,5,5,2304,2096,,68.6,111,0.332,0.383,0.57,52.7,51,12,14.1,0.54,16.6,34.6,0.239
184,Mississippi Valley State,31,6,25,0.194,-21.37,-6.5,4,13,6,5,0,20,2001,2407,,70.8,90.8,0.337,0.291,0.463,47.6,49.5,7.9,6,0.426,15.6,28.3,0.222
185,Mississippi,30,19,11,0.633,13.63,8.27,9,8,11,5,5,5,2283,2122,,69.5,109,0.324,0.394,0.572,51.8,54.9,10.7,9.5,0.534,16.3,31.3,0.253
186,Missouri-Kansas City,30,10,20,0.333,-6,-0.31,5,10,8,5,2,13,2080,2209,,68.6,100.2,0.332,0.402,0.536,45.2,46.3,10.6,8,0.505,16.1,23.8,0.232
187,Missouri State,31,16,15,0.516,-0.79,-0.73,10,8,11,4,5,9,2148,2096,,66.8,103.4,0.369,0.377,0.55,49.9,46.3,10.4,12.2,0.518,16.2,26.3,0.256
188,Missouri,29,14,15,0.483,8.85,9.3,5,12,9,6,2,8,1940,1953,,66.1,100.4,0.293,0.416,0.53,53,47.2,7,5.2,0.502,18.4,32.3,0.203
189,Monmouth,32,12,20,0.375,-10.53,-4.19,10,8,6,6,5,11,2055,2258,,68.4,92.4,0.403,0.297,0.495,49.8,49.2,9.9,11.2,0.451,18.4,28.8,0.277
190,Montana State,29,14,15,0.483,-6.94,-4.84,11,8,9,4,4,10,2263,2307,,72.3,107.9,0.348,0.427,0.565,49.8,56.2,7.7,4.5,0.531,15.3,25.9,0.256
191,Montana,30,22,8,0.733,1.01,-5.27,15,4,12,2,8,4,2299,2071,,68.6,111.3,0.333,0.383,0.586,52.1,51.5,9.3,8.3,0.565,15.5,27.8,0.227
192,Morehead State,33,13,20,0.394,-7.68,-1.72,8,10,7,7,4,11,2431,2543,,70.6,103.2,0.328,0.382,0.528,48.8,51.5,7.9,10.8,0.494,14.9,29,0.231
193,Morgan State,29,9,20,0.31,-15.1,-9.91,4,12,6,6,2,13,2088,2223,,73.8,96.7,0.352,0.273,0.485,47.3,47.4,10.1,4.5,0.44,15.5,31.9,0.251
194,Mount St. Mary's,31,9,22,0.29,-13.97,-5.42,6,12,4,9,5,13,2092,2286,,69.5,97.1,0.338,0.412,0.513,47.4,48.3,6.8,9.7,0.481,16.8,26.4,0.23
195,Murray State,29,25,4,0.862,8.59,-5.08,16,2,15,1,10,3,2429,1962,,71.7,116.8,0.328,0.372,0.592,52.5,60.2,10.9,12.1,0.563,14.6,32.3,0.243
196,Navy,30,12,18,0.4,-9.8,-3.83,8,10,8,6,3,12,1991,2170,,68.3,97.1,0.307,0.367,0.504,52.5,54.7,7.9,5.8,0.468,17.7,31.4,0.219
197,Omaha,29,19,10,0.655,-1.63,-2.95,13,3,10,2,9,8,2318,2245,,70.5,112.5,0.237,0.363,0.572,48.9,44.2,8,5.6,0.551,11.9,24.7,0.17
198,Nebraska,30,15,15,0.5,15.82,11.58,5,14,11,5,2,9,2142,1978,,67.3,106.1,0.321,0.377,0.523,48.3,50.8,10.5,10.7,0.49,12.4,28.5,0.225
199,Nevada-Las Vegas,29,16,13,0.552,2.16,0.89,10,7,10,6,5,5,2156,2119,,69.3,106.4,0.356,0.404,0.531,53.6,50.3,8.8,9.7,0.499,15.8,36.1,0.244
200,Nevada,30,27,3,0.9,17.15,2.65,14,3,14,0,9,3,2448,2013,,71.3,114.4,0.405,0.427,0.576,51.1,55.2,9,11.3,0.541,12.5,26.4,0.291
201,New Hampshire,29,5,24,0.172,-18.11,-5.48,3,13,4,10,1,14,1742,1990,,67.1,89.5,0.232,0.475,0.474,47.8,52.2,6,5.5,0.455,16.2,23.2,0.142
202,New Mexico State,30,26,4,0.867,9.67,-1.87,14,1,15,1,10,1,2328,1940,,68.3,113.1,0.347,0.457,0.556,56.9,53.4,8.6,7.7,0.53,14.8,37.4,0.235
203,New Mexico,29,13,16,0.448,0.26,2.48,7,10,9,7,4,8,2201,2207,,74,102.6,0.382,0.442,0.54,50.1,54.3,9.1,9,0.504,17.1,28.9,0.267
204,New Orleans,29,17,12,0.586,-8.49,-6.33,12,6,12,3,5,9,2080,2005,,71.1,99.1,0.352,0.289,0.525,49.8,58,12.6,11.5,0.492,18.9,33,0.242
205,Niagara,32,13,19,0.406,-10.98,-7.41,6,12,8,8,5,10,2318,2432,,70.4,102.6,0.333,0.391,0.53,49.8,43.1,5.7,10.2,0.492,15.1,26.6,0.245
206,Nicholls State,30,13,17,0.433,-11.77,-6.46,6,11,8,4,3,13,2191,2239,,71.5,101.2,0.218,0.46,0.535,45.6,53.3,9.2,10.3,0.507,15.6,24,0.167
207,NJIT,33,21,12,0.636,-3.33,-4.55,8,8,10,4,11,7,2310,2238,,68.9,100.8,0.389,0.373,0.548,48.9,44.7,9.2,7.6,0.51,16.3,21.4,0.28
208,Norfolk State,31,19,12,0.613,-8.06,-9.13,14,2,11,1,8,7,2312,2156,,72.3,101.9,0.393,0.371,0.55,50.4,51.5,8,13.5,0.512,18.1,27.5,0.282
209,North Alabama,32,10,22,0.313,-10.88,-1.56,7,9,8,4,2,18,2145,2358,,71.1,93.9,0.323,0.421,0.486,49.4,44.9,9.2,6.5,0.451,16.5,27.5,0.218
210,North Carolina-Asheville,31,4,27,0.129,-19.58,-2.11,2,14,3,10,1,15,1857,2313,,64.2,92.9,0.269,0.422,0.506,46.5,50.5,9.8,9,0.471,19.9,29.1,0.199
211,North Carolina A&T,30,18,12,0.6,-10.67,-9.17,13,3,10,2,7,10,2096,2065,,68.1,102.1,0.304,0.364,0.547,47.6,54.3,9.8,9,0.526,17,26.8,0.2
212,North Carolina Central,30,15,15,0.5,-11.67,-10.63,10,6,10,2,4,11,2165,2021,,69.2,103.8,0.33,0.359,0.546,54.8,60,9.2,7.7,0.513,18.9,35.2,0.237
213,North Carolina-Greensboro,31,26,5,0.839,4.31,-1.62,15,3,14,1,11,4,2384,2086,,70.1,109.3,0.299,0.375,0.551,50.7,46.6,12.7,11.8,0.525,14.5,31.8,0.208
214,North Carolina State,30,20,10,0.667,16.28,6.24,8,9,15,4,3,6,2439,2138,,72.4,111.4,0.293,0.36,0.555,53,52.5,10.4,10.1,0.528,15.1,36,0.208
215,North Carolina-Wilmington,31,9,22,0.29,-7.41,-1.41,5,13,5,9,2,12,2363,2504,,70.3,107.1,0.338,0.382,0.544,52.7,56.5,6.4,5.5,0.508,16.1,32.6,0.246
216,North Carolina,30,25,5,0.833,24.96,11.23,15,2,13,2,11,1,2605,2193,,76.2,113.4,0.317,0.358,0.567,56.6,62.3,9.7,9.8,0.535,15,34.9,0.236
217,North Dakota State,30,15,15,0.5,-4.31,-1.77,9,7,10,3,4,9,2181,2173,,67.3,107.2,0.307,0.475,0.571,49.1,46.7,7.3,6.1,0.535,14.7,21.2,0.239
218,North Dakota,29,12,17,0.414,-8.47,-3.23,6,10,8,6,4,11,2144,2115,,71.6,103.2,0.271,0.367,0.554,49.1,49.2,8.1,7.4,0.531,16.2,22.8,0.189
219,North Florida,33,16,17,0.485,-3.32,-0.54,9,7,10,3,5,12,2485,2531,,74,101.3,0.268,0.445,0.547,49.8,57.6,8.6,10.8,0.524,19.1,30.3,0.185
220,North Texas,30,20,10,0.667,1.03,-3.2,8,9,12,4,6,6,2122,1880,,67.3,104.7,0.279,0.435,0.541,53,49.8,9.7,7.1,0.518,16.5,30.9,0.188
221,Northeastern,30,20,10,0.667,4.55,-0.78,14,4,11,2,8,6,2279,2119,,66.3,112.2,0.345,0.46,0.603,49.7,54.3,9.2,6,0.571,15.4,22.4,0.26
222,Northern Arizona,29,9,20,0.31,-10.58,-5.79,7,12,5,7,4,13,2113,2252,,70.2,103.3,0.338,0.411,0.535,48.1,48.6,9,6.7,0.503,14.8,25.3,0.236
223,Northern Colorado,30,21,9,0.7,-2.3,-6.4,15,4,10,2,10,5,2308,2057,,68.6,111.3,0.34,0.458,0.577,52.6,49.8,7.9,7.3,0.548,15.5,29.4,0.243
224,Northern Illinois,30,14,16,0.467,2.07,1.32,7,10,9,6,4,9,2215,2148,,68.6,106.3,0.283,0.324,0.554,51.3,41.8,7.9,7.3,0.526,15.6,27.9,0.206
225,Northern Iowa,31,14,17,0.452,-1.39,1.06,9,9,9,5,3,9,2040,2057,,66,99.8,0.306,0.439,0.532,49.8,48.6,7.4,6.7,0.496,16,23.2,0.228
226,Northern Kentucky,32,24,8,0.75,4.64,-3.23,13,5,17,1,7,7,2549,2209,,69.9,113,0.371,0.418,0.582,53.5,60.4,8.8,11.2,0.56,15.6,31.8,0.249
227,Northwestern State,30,11,19,0.367,-16.66,-5.44,6,11,8,6,3,13,1988,2210,,70.8,92.9,0.338,0.362,0.497,47.9,47.1,8.7,12,0.463,19.6,29.6,0.228
228,Northwestern,30,13,17,0.433,11,9.54,4,15,10,7,1,9,1982,1938,,67,98.2,0.309,0.401,0.506,48.5,61.4,8.2,11.3,0.467,14.3,24.6,0.226
229,Notre Dame,30,13,17,0.433,9.24,8.98,3,14,11,8,1,8,2082,2074,,66.9,103.7,0.299,0.443,0.507,48.3,54.1,8.6,11.9,0.467,12.2,28.7,0.224
230,Oakland,32,16,16,0.5,-2.21,-1.43,11,7,10,6,6,10,2471,2451,,69.8,110.1,0.359,0.437,0.586,47.1,66.6,8.3,7.5,0.552,16.2,25.2,0.267
231,Ohio State,30,18,12,0.6,14.41,10.35,8,11,12,5,4,7,2082,1960,,66.6,104.2,0.351,0.397,0.543,51.2,57.5,8.6,7.3,0.505,16.4,28.3,0.257
232,Ohio,29,13,16,0.448,-1.35,3.65,5,12,10,5,3,9,2047,2151,,71.7,97.2,0.318,0.344,0.513,50.9,56.4,9.2,10.2,0.492,17.5,29.2,0.197
233,Oklahoma State,30,11,19,0.367,7.92,11.76,4,13,7,7,2,10,2023,2138,,67,100.2,0.31,0.418,0.527,48.9,55.6,8.3,12.2,0.498,16.1,26.7,0.213
234,Oklahoma,30,19,11,0.633,15.73,12.07,7,10,11,4,5,6,2153,2043,,70.1,102,0.324,0.338,0.533,50.7,49.4,8.4,8.9,0.504,15.5,26.5,0.223
235,Old Dominion,30,23,7,0.767,4.66,-1.67,13,4,14,2,8,3,2022,1832,,65.8,102.4,0.302,0.381,0.51,53.7,54,8.9,14.1,0.484,15.2,32.4,0.197
236,Oral Roberts,31,11,20,0.355,-8.88,-1.64,7,9,7,6,3,13,2241,2397,,69.3,103.9,0.258,0.391,0.549,52,50.4,6.8,9.5,0.527,17.6,30,0.179
237,Oregon State,29,17,12,0.586,8.53,4.5,9,8,10,5,5,5,2132,2015,,67.2,108.4,0.362,0.367,0.563,51.9,58.7,8.7,15.2,0.526,16.2,30.8,0.268
238,Oregon,30,18,12,0.6,11.3,5.07,9,8,13,4,4,7,2115,1928,,66.2,106,0.301,0.397,0.547,51,54,11.4,14.2,0.517,15.3,28.9,0.217
239,Pacific,32,14,18,0.438,-1.96,2.48,4,12,9,7,5,10,2138,2241,,66.7,99.4,0.414,0.336,0.532,51.2,45.4,9.1,5,0.482,17.4,27,0.31
240,Penn State,30,13,17,0.433,13.05,12.31,6,13,8,6,3,9,2085,2063,,68.3,101,0.327,0.367,0.51,51.5,48.6,11.1,10.7,0.475,15.5,31.4,0.227
241,Pennsylvania,28,17,11,0.607,2.22,-0.52,5,7,8,4,8,5,2057,1934,,69.6,103.3,0.293,0.444,0.55,50,57.2,9.3,6,0.533,16.2,24.9,0.185
242,Pepperdine,31,14,17,0.452,0.45,-0.05,6,10,9,5,2,11,2341,2292,,70.8,105.9,0.365,0.42,0.561,47.3,55.7,9.5,8.5,0.519,15.8,24.9,0.278
243,Pittsburgh,30,12,18,0.4,8.48,7.14,2,15,10,7,0,11,2111,2071,,69.2,100.9,0.432,0.371,0.523,49.8,50.6,9.9,11,0.481,17,31.5,0.301
244,Portland State,30,15,15,0.5,-8.64,-5.46,10,9,10,4,3,10,2320,2243,,72.2,106.2,0.374,0.377,0.524,54.6,51,11.5,11.2,0.486,16.1,38.4,0.263
245,Portland,32,7,25,0.219,-10.23,1.08,0,16,6,11,1,12,2078,2389,,68.4,94.2,0.391,0.389,0.513,46.3,52.2,7.9,11.1,0.477,17.3,21.1,0.262
246,Prairie View,30,18,12,0.6,-8.27,-8.27,16,1,8,0,9,12,2194,2178,,72.3,101.1,0.415,0.334,0.519,46.6,49.5,11.6,4.7,0.483,15.6,29.8,0.276
247,Presbyterian,33,18,15,0.545,-3.04,-5.17,9,7,12,3,6,11,2601,2389,,69.5,112.9,0.323,0.479,0.572,49.7,58.3,8.4,6.2,0.542,12.5,26.1,0.235
248,Princeton,25,16,9,0.64,-2.44,-0.96,8,4,7,3,8,5,1749,1720,,69.3,99.5,0.303,0.406,0.515,50.1,43.4,8.8,7.1,0.476,15.4,26.4,0.226
249,Providence,30,16,14,0.533,8.26,6.89,6,11,10,6,5,6,2131,2090,,68.7,101.3,0.388,0.344,0.512,50.9,58.6,10.5,10.8,0.474,15.8,32,0.265
250,Purdue,30,22,8,0.733,21.84,12.21,15,4,15,0,5,6,2295,2006,,66.5,114.1,0.295,0.448,0.56,53.7,53,9.8,13.3,0.531,13.7,35.1,0.215
251,Quinnipiac,29,16,13,0.552,-5.63,-7.56,11,7,7,7,9,5,2121,2065,,67.5,105.7,0.376,0.532,0.557,50.9,54,7.6,5.2,0.522,17.1,29.3,0.269
252,Radford,31,21,10,0.677,1.9,-1.64,12,4,11,2,9,7,2312,2117,,66.8,110.8,0.277,0.39,0.564,52.7,53.1,8.9,10,0.54,14.3,29.5,0.198
253,Rhode Island,29,15,14,0.517,2.59,1.63,8,9,8,5,5,7,1997,1969,,68.5,99.3,0.371,0.329,0.503,51.4,48.7,10.5,11.8,0.467,15.4,31.1,0.249
254,Rice,30,13,17,0.433,-5.32,-1.4,8,9,9,6,4,11,2232,2321,,71.9,101.4,0.389,0.427,0.538,51.3,53,7,8.7,0.505,16.5,26.2,0.265
255,Richmond,30,12,18,0.4,-1.11,-0.64,6,11,7,9,4,7,2125,2139,,67,105.7,0.316,0.406,0.568,45.2,60.5,11.6,8.5,0.549,14.5,18.6,0.21
256,Rider,30,16,14,0.533,-4.2,-6,11,7,9,3,6,10,2300,2246,,74.4,102.6,0.404,0.344,0.529,50.2,53.8,12.4,10.1,0.506,15.7,29.9,0.248
257,Robert Morris,32,17,15,0.531,-9.22,-7.32,11,7,12,3,5,12,2218,2171,,68.3,100.3,0.336,0.393,0.534,50.5,57.2,10.4,7.9,0.503,18.6,30,0.234
258,Rutgers,29,14,15,0.483,10.07,10.21,7,12,10,7,4,8,1971,1975,,68,99.1,0.312,0.335,0.494,52.6,50.1,9.7,11.5,0.469,15.8,33.6,0.196
259,Sacramento State,28,14,14,0.5,-8.58,-6.82,8,11,8,4,4,10,1984,1930,,69.5,101,0.338,0.283,0.522,50.2,53.2,10.9,9.8,0.491,15.8,28.5,0.231
260,Sacred Heart,32,15,17,0.469,-7.25,-7.48,11,7,10,3,4,13,2558,2509,,74,107.6,0.375,0.354,0.564,53,53.2,7.2,10.7,0.523,17,31.3,0.283
261,Saint Francis (PA),30,17,13,0.567,-8.4,-6.25,12,6,11,3,6,10,2297,2270,,71.2,107.6,0.341,0.362,0.533,52.2,47.3,9.7,8,0.499,14.8,34.2,0.242
262,Saint Joseph's,30,13,17,0.433,-0.05,1.72,6,11,10,5,2,10,2113,2166,,68.6,102.2,0.32,0.452,0.521,48.6,50.7,8,10.1,0.481,12,21.7,0.237
263,Saint Louis,30,19,11,0.633,4.75,1.81,10,7,15,2,4,7,2033,1945,,68.1,99.5,0.419,0.328,0.496,54.2,54.7,11.1,12.1,0.469,16.4,35.6,0.251
264,Saint Mary's (CA),31,20,11,0.645,12.39,3.94,11,5,14,3,5,5,2277,2015,,64.7,113.1,0.299,0.356,0.57,54.4,39.2,9.2,6.7,0.54,14,31.8,0.221
265,Saint Peter's,31,10,21,0.323,-11.87,-6,6,12,7,7,2,14,1941,2123,,64.4,95.3,0.348,0.346,0.523,50.6,42.9,8.3,17.6,0.483,20.2,29.1,0.252
266,Sam Houston State,30,20,10,0.667,-2.54,-5.68,15,2,12,2,7,8,2263,2089,,69.1,106.9,0.264,0.421,0.551,51.2,61.4,10.8,9.3,0.522,15.6,30.1,0.196
267,Samford,31,16,15,0.516,0.54,-1.63,6,12,11,6,5,9,2413,2339,,71.2,106.3,0.342,0.35,0.566,50.3,49.7,9.8,11.1,0.534,17.1,28,0.248
268,San Diego State,30,19,11,0.633,5.6,1.78,11,6,14,3,4,6,2199,2035,,69.1,106.1,0.351,0.371,0.55,52,57.7,8.6,10.4,0.515,16.1,30.7,0.253
269,San Diego,32,19,13,0.594,6.04,3.81,7,9,12,4,5,8,2327,2210,,68,105.3,0.326,0.402,0.563,51.7,57.8,8.5,8.5,0.529,16.4,24.9,0.242
270,San Francisco,30,21,9,0.7,9.97,1.7,9,7,13,3,6,5,2286,2012,,67.2,112.5,0.306,0.394,0.558,52.2,51,9,8.7,0.538,13,30.6,0.201
271,San Jose State,29,4,25,0.138,-14.72,0.93,1,16,4,11,0,11,1905,2326,,71.1,91.6,0.351,0.353,0.493,50.3,59.3,6,5,0.459,19.1,28.9,0.232
272,Santa Clara,30,16,14,0.533,-1.09,1.26,8,8,11,6,4,6,2070,2110,,67.6,100.8,0.345,0.399,0.555,49.4,57.2,6.8,9.2,0.522,18.4,24.3,0.249
273,Savannah State,30,11,19,0.367,-19.8,-8.08,8,8,6,5,3,14,2293,2623,,78.2,97.3,0.252,0.578,0.508,45.9,55.9,9.6,7.5,0.485,17,27.9,0.169
274,Seattle,30,17,13,0.567,-1.13,-4.02,5,10,10,5,4,8,2194,2050,,69.9,104.2,0.348,0.332,0.537,52.5,46,6.3,9.3,0.502,15.5,29.6,0.248
275,Seton Hall,29,17,12,0.586,10.64,8.54,8,9,10,4,3,8,2135,2074,,70.4,103.2,0.338,0.36,0.537,49.6,51.5,9.9,11.4,0.503,15.9,28.5,0.241
276,Siena,31,16,15,0.516,-7.43,-6.23,11,7,7,7,8,7,1987,2024,,61.2,102.6,0.244,0.478,0.531,47,53,9.3,8.3,0.51,13.9,23.5,0.164
277,South Alabama,30,14,16,0.467,-4.52,-2.38,7,10,12,6,2,9,2188,2179,,69,104.4,0.354,0.404,0.558,47.7,54.2,8.7,11.7,0.532,16.9,26.2,0.239
278,South Carolina State,32,7,25,0.219,-16.68,-7.41,5,11,5,5,2,19,2252,2461,,69.5,100.1,0.399,0.306,0.527,50.3,46.6,7.2,5.5,0.479,17.8,32.2,0.295
279,South Carolina Upstate,32,6,26,0.188,-15.06,-4.03,1,16,5,9,1,15,2169,2395,,69.4,96.9,0.262,0.437,0.515,46.7,56,9.2,8.1,0.485,17.3,26.2,0.187
280,South Carolina,30,15,15,0.5,8.24,10,10,7,10,6,4,8,2197,2197,,71.6,101.9,0.357,0.344,0.521,49.6,51.3,8.6,12.7,0.488,16.1,31.9,0.243
281,South Dakota State,31,24,7,0.774,6.71,-4.96,14,2,14,1,7,5,2640,2267,,72.8,117,0.324,0.41,0.621,53.6,50.1,8.6,5.7,0.59,14.6,23.7,0.253
282,South Dakota,29,13,16,0.448,-4.33,-2.74,7,9,8,6,4,8,2048,2040,,67.9,103.6,0.358,0.4,0.55,47.7,52.5,8.1,6.5,0.511,14.4,21.4,0.265
283,South Florida,30,19,11,0.633,5.98,1.15,8,9,14,4,4,6,2168,1987,,69.2,102.3,0.499,0.38,0.528,55.1,57.7,11.3,10,0.495,19.2,37.8,0.318
284,Southeast Missouri State,31,10,21,0.323,-11.24,-4.31,5,13,6,8,2,13,2216,2378,,70.2,99.8,0.287,0.397,0.539,48.8,50.5,8.2,6.9,0.514,17.9,25.7,0.198
285,Southeastern Louisiana,30,16,14,0.533,-7.24,-5.63,12,5,9,5,7,8,2016,2025,,67.9,98.9,0.369,0.397,0.542,52,59.6,9.9,7.1,0.506,20.9,32.4,0.262
286,Southern California,30,15,15,0.5,8.3,4.67,8,9,12,5,2,7,2298,2189,,71.2,105.8,0.279,0.359,0.547,48.9,58.6,8.5,8.9,0.53,14.5,26.9,0.18
287,SIU Edwardsville,31,10,21,0.323,-14.27,-4.86,6,12,7,8,2,11,2265,2520,,71.9,98.4,0.357,0.35,0.51,48.2,48.1,8.6,6.1,0.471,16.5,28.7,0.251
288,Southern Illinois,31,17,14,0.548,1.88,0.17,10,8,9,6,7,7,2136,2083,,66.8,103.1,0.326,0.334,0.558,50.8,55.1,10,11.8,0.533,18.6,28.5,0.223
289,Southern Methodist,29,13,16,0.448,5.37,3.75,5,12,10,8,2,6,2078,2031,,66.5,107.8,0.272,0.416,0.534,51.4,53.6,8.7,11.7,0.505,14,33.6,0.196
290,Southern Mississippi,29,18,11,0.621,3.22,-0.38,10,7,10,3,7,6,2102,1879,,67.3,106.8,0.256,0.354,0.55,49.9,61.8,11.7,11,0.534,13.5,24.8,0.166
291,Southern Utah,29,14,15,0.483,-9.95,-5.99,9,11,10,2,4,12,2188,2202,,73.4,101.4,0.362,0.404,0.543,49.7,47.9,8,9.3,0.509,16.4,23.6,0.254
292,Southern,30,6,24,0.2,-17.27,-7.2,5,12,6,5,0,16,1920,2203,,68.2,93.5,0.343,0.313,0.517,48,49,10,7.8,0.487,20.7,29.7,0.227
293,St. Bonaventure,30,15,15,0.5,2.68,0.35,11,6,8,5,6,7,1995,1925,,65.7,99.2,0.271,0.329,0.518,50.9,50.1,9.2,14.5,0.486,16.6,29,0.197
294,St. Francis (NY),32,17,15,0.531,-9.58,-8.08,9,9,11,3,6,11,2273,2239,,70.5,100.3,0.296,0.403,0.517,49.3,45.3,8.3,10.4,0.49,15.5,27.6,0.2
295,St. John's (NY),30,20,10,0.667,10.03,5.8,8,9,11,4,4,6,2354,2227,,72.6,106.8,0.302,0.388,0.558,46.2,50.6,12,9.9,0.529,13.2,21.7,0.218
296,Stanford,30,15,15,0.5,6.64,5.47,8,10,10,3,4,9,2183,2148,,71.6,101.3,0.365,0.368,0.545,51.5,48.8,8.3,10.5,0.516,18.5,29.7,0.247
297,Stephen F. Austin,29,14,15,0.483,-10.36,-5.52,7,10,10,5,3,9,2048,2093,,70.2,99.7,0.361,0.342,0.531,49.3,46.5,9.2,11.9,0.498,18.3,30.4,0.247
298,Stetson,31,7,24,0.226,-14.85,-3.3,3,13,7,8,0,16,2151,2429,,71.6,96.5,0.256,0.349,0.489,47.8,52.6,9.4,8.5,0.459,15.2,29,0.177
299,Stony Brook,31,24,7,0.774,-1.25,-6.21,12,4,10,3,13,3,2213,2028,,69.5,101.8,0.357,0.367,0.522,54.4,44.9,8.7,12.6,0.483,17.4,33.9,0.256
300,Syracuse,30,19,11,0.633,14.81,10.04,10,7,13,6,6,3,2101,1958,,67.3,103.6,0.366,0.427,0.526,48.8,50.9,12.1,17,0.493,15.3,30.3,0.249
301,Temple,30,22,8,0.733,8.63,4.67,12,5,12,2,7,5,2254,2135,,70.3,105.1,0.325,0.379,0.538,48.2,55.1,12.3,6.4,0.503,13.6,25.9,0.237
302,Tennessee-Martin,31,12,19,0.387,-10.89,-4.27,6,12,10,4,1,14,2356,2486,,71.2,105.9,0.276,0.379,0.544,48.6,51.6,10,7.9,0.511,16.2,31.3,0.208
303,Tennessee State,30,9,21,0.3,-11.52,-3.06,6,12,6,7,3,14,2182,2332,,73.1,98.6,0.361,0.412,0.536,50,45.5,9.9,7.5,0.501,19.6,29.3,0.253
304,Tennessee Tech,31,8,23,0.258,-14.6,-2.85,4,14,5,10,3,13,2104,2350,,72.9,92.4,0.362,0.348,0.503,48.3,52.4,9.9,11.1,0.476,19.8,28.4,0.228
305,Tennessee,30,27,3,0.9,23.45,9.14,15,2,18,0,7,2,2472,2012,,69.9,116.4,0.34,0.315,0.59,52.5,62.1,8.6,15.3,0.555,13.8,31,0.259
306,Texas A&M-Corpus Christi,30,13,17,0.433,-7.9,-4.71,8,9,8,7,5,9,1997,1982,,67.4,98,0.306,0.342,0.515,52.8,54.8,9.3,9.4,0.484,18.1,31.6,0.212
307,Texas A&M,29,13,16,0.448,7.94,8.76,6,11,9,8,3,6,2049,2073,,69.8,101.2,0.343,0.363,0.524,51.2,47.8,9.2,13.2,0.49,17.2,33.1,0.239
308,Texas-Arlington,30,15,15,0.5,-0.51,1.25,11,6,8,5,7,10,2072,2099,,68.8,98.3,0.345,0.404,0.514,51.7,54,9.2,8.3,0.47,17.6,31.4,0.256
309,Texas Christian,30,18,12,0.6,13.31,9.28,6,11,12,5,2,7,2242,2121,,69.8,105.3,0.321,0.375,0.547,51.4,60.6,10.1,11.2,0.52,16.5,31.3,0.222
310,Texas-El Paso,28,8,20,0.286,-7.69,-0.96,3,14,8,8,0,12,1812,1953,,70.3,91.2,0.367,0.386,0.503,50.6,48.1,6.5,7.7,0.468,20.2,27.3,0.244
311,Texas-Rio Grande Valley,33,18,15,0.545,-1.44,-0.95,9,7,10,7,8,7,2318,2307,,71.6,97.3,0.438,0.292,0.504,46.1,56.6,13.1,8,0.457,15.6,26.8,0.302
312,Texas-San Antonio,30,17,13,0.567,2.74,0.43,11,6,11,4,5,6,2357,2241,,74.2,104.6,0.258,0.409,0.539,49.7,45.9,9.1,7,0.509,14.7,26.1,0.191
313,Texas Southern,30,19,11,0.633,-5.55,-6.41,14,3,8,1,10,10,2396,2330,,76.5,104,0.412,0.377,0.538,50.2,55.4,10.5,7.3,0.505,16.9,31,0.277
314,Texas State,30,23,7,0.767,3.13,-2.59,12,5,11,3,10,4,2191,1910,,68.2,106.2,0.339,0.381,0.543,54.2,57.2,10,7.1,0.517,16.4,33.2,0.225
315,Texas Tech,30,25,5,0.833,22.14,7.47,13,4,17,1,5,3,2185,1745,,67.4,107.7,0.341,0.355,0.569,51.9,51.9,10.4,15.5,0.539,16.2,28.8,0.245
316,Texas,30,16,14,0.533,16.35,11.65,8,9,12,5,2,8,2151,2010,,66.3,107.3,0.303,0.436,0.543,49.8,51.1,9,11.6,0.513,14.4,29.4,0.215
317,Toledo,30,24,6,0.8,9.39,0.7,12,5,13,2,8,4,2333,2040,,70.3,109.7,0.268,0.423,0.566,53.2,59.8,7.2,11.8,0.534,15.3,28.9,0.207
318,Towson,31,10,21,0.323,-7.92,-2.92,6,12,5,8,4,8,2097,2220,,64.5,102.3,0.283,0.297,0.51,53.6,39.5,7.3,9.9,0.481,15.4,34.5,0.197
319,Troy,29,11,18,0.379,-6.29,-0.74,4,13,8,8,3,9,2105,2175,,69.5,103.5,0.316,0.406,0.553,48.7,50.7,8.1,12.5,0.522,17.2,26.5,0.227
320,Tulane,29,4,25,0.138,-7.13,3.32,0,17,3,11,0,10,1935,2238,,71.8,93,0.334,0.38,0.504,48.8,61.1,6.5,8.9,0.469,18.7,26.5,0.229
321,Tulsa,30,18,12,0.6,4.9,3.67,8,9,14,3,3,7,2168,2131,,69.8,102.7,0.45,0.373,0.557,48.5,54.6,7.6,6.8,0.52,16.4,22,0.311
322,UCLA,30,16,14,0.533,7.8,6.87,9,8,13,5,3,5,2348,2320,,73.6,105,0.375,0.359,0.543,53.1,52.8,8.1,10.7,0.522,16.6,31.3,0.236
323,Utah State,31,25,6,0.806,12.54,0.74,15,3,14,1,9,4,2452,2071,,70,112.2,0.356,0.379,0.577,56.1,61.7,8.9,12.3,0.541,15.3,31.5,0.266
324,Utah Valley,30,22,8,0.733,3.83,-1.82,11,4,11,1,8,7,2327,2121,,70.6,109.8,0.401,0.373,0.592,53,50.7,8.6,6.1,0.56,17.2,27,0.29
325,Utah,29,16,13,0.552,6.34,5.2,10,7,8,5,6,5,2197,2164,,67.9,111,0.357,0.462,0.582,52.4,55.2,6.9,7.1,0.555,17.2,30.8,0.252
326,Valparaiso,32,15,17,0.469,-2.82,-0.78,7,11,8,7,5,8,2151,2120,,66.6,99.8,0.339,0.33,0.537,50.9,54.4,9.2,8.3,0.505,17.6,27,0.237
327,Vanderbilt,30,9,21,0.3,4.82,8.06,0,17,8,10,1,9,2069,2166,,69.4,98.9,0.411,0.421,0.525,50.4,51.4,6.5,10.6,0.488,18,28.7,0.279
328,Vermont,30,24,6,0.8,4.58,-3.7,14,2,13,2,11,4,2216,1910,,67.2,109.1,0.367,0.394,0.562,52.9,46.1,8.2,11.7,0.522,14.4,27.2,0.275
329,Villanova,30,22,8,0.733,15.9,7.97,13,4,13,2,5,5,2239,2001,,65.5,113,0.348,0.535,0.568,52,57.4,8.3,8.8,0.536,14.3,30.8,0.251
330,Virginia Commonwealth,30,24,6,0.8,13.34,3.07,15,2,15,1,8,4,2141,1833,,69.1,102.4,0.361,0.41,0.539,51,54.7,11.6,12.4,0.506,17.6,31.1,0.253
331,VMI,30,10,20,0.333,-10.54,0.32,4,14,8,7,2,13,2265,2435,,73.4,101.9,0.292,0.454,0.538,47.2,52.9,9.4,5,0.507,15.1,23.4,0.211
332,Virginia Tech,29,22,7,0.759,19.92,7.71,11,6,13,2,5,5,2150,1796,,64.5,114.5,0.328,0.453,0.596,52.4,59.8,10.6,8.9,0.565,15.7,30.7,0.249
333,Virginia,29,27,2,0.931,27.31,9.31,15,2,14,1,10,1,2091,1569,,61.2,117.3,0.298,0.378,0.588,54.7,56.7,9,12.6,0.56,13.1,30.6,0.223
334,Wagner,30,13,17,0.433,-12.45,-7.09,8,10,7,7,6,10,1974,2044,,66.4,98.7,0.339,0.456,0.501,52,53.6,9.2,12,0.456,17.4,33.9,0.252
335,Wake Forest,29,11,18,0.379,1.88,9.08,4,13,8,7,1,10,1991,2200,,68.9,98.9,0.375,0.358,0.499,52.4,46.9,7.1,7.5,0.451,16.5,33.8,0.273
336,Washington State,30,11,19,0.367,-1.01,1.76,4,13,9,6,2,8,2265,2348,,71.8,105.2,0.306,0.439,0.565,48.5,56.7,7.2,8.3,0.532,16.8,24.8,0.23
337,Washington,30,24,6,0.8,12.85,6.02,15,2,15,0,7,4,2135,1930,,67.3,105.3,0.356,0.392,0.56,48.9,47.1,13.1,16.4,0.53,17.3,30.5,0.25
338,Weber State,30,17,13,0.567,-3.16,-5.88,11,8,9,4,5,7,2410,2225,,73.5,108.3,0.362,0.354,0.582,49.7,41.9,7.1,9.8,0.547,14.5,20.4,0.27
339,West Virginia,30,12,18,0.4,6.84,10.54,4,13,10,6,0,9,2185,2296,,71.3,100.5,0.424,0.397,0.516,53,53.6,8.6,9.7,0.476,18.7,37,0.289
340,Western Carolina,31,7,24,0.226,-8.44,1.06,4,14,4,8,3,14,2221,2467,,71.3,99.3,0.361,0.463,0.565,52.5,49.5,6,4.4,0.541,22.5,28.8,0.242
341,Western Illinois,29,9,20,0.31,-10.54,-5.32,4,12,7,6,2,14,2046,2120,,69.5,101.1,0.23,0.34,0.53,48.6,40,7.7,11.6,0.503,14.7,22.4,0.17
342,Western Kentucky,31,18,13,0.581,3.05,1.34,11,7,10,4,6,8,2236,2183,,69.2,102.6,0.363,0.319,0.544,51.3,48.4,9.9,14.1,0.505,17.3,28.3,0.265
343,Western Michigan,30,8,22,0.267,-5.66,1.89,2,15,5,8,2,13,2104,2276,,69.9,98.6,0.387,0.397,0.528,51.2,47.1,6.7,6.3,0.491,18.9,29.8,0.268
344,Wichita State,29,16,13,0.552,6.91,5.94,9,8,10,4,3,7,2035,2007,,69.1,101.1,0.275,0.389,0.501,51.7,54.5,6.7,10,0.469,14.7,32.3,0.196
345,William & Mary,30,14,16,0.467,-3.95,-1.36,10,8,9,5,5,11,2242,2300,,69.4,105.5,0.322,0.413,0.565,49.9,62.7,7.2,12.3,0.545,16.2,24.2,0.213
346,Winthrop,30,18,12,0.6,-2.66,-3.51,10,6,11,3,7,8,2499,2358,,75.1,110,0.301,0.531,0.582,53.4,53.8,5.9,7.2,0.554,17.5,29.8,0.222
347,Wisconsin,30,21,9,0.7,19.44,10.98,13,6,11,3,7,5,2085,1831,,64.8,105.4,0.28,0.343,0.541,49.8,49,8,11.2,0.522,12.8,23.9,0.181
348,Wofford,30,26,4,0.867,13.67,0.27,18,0,15,1,11,3,2489,1963,,68.4,120.3,0.266,0.434,0.598,55.1,51.3,10.1,9.1,0.58,13.2,33.7,0.187
349,Wright State,32,20,12,0.625,3.48,-1.29,13,5,15,2,5,7,2360,2159,,67.7,108.6,0.34,0.4,0.547,52.5,54.8,9.2,5.9,0.51,14.8,31.5,0.251
350,Wyoming,30,7,23,0.233,-9.61,0.91,3,14,5,10,1,11,1949,2252,,69.7,92.9,0.39,0.434,0.531,44.8,47,8.1,7.9,0.489,18.8,16.1,0.281
351,Xavier,30,16,14,0.533,9.35,8.32,8,9,11,5,4,7,2161,2130,,67.2,106.3,0.338,0.376,0.559,52.9,55.6,8.2,11,0.532,17.5,31.8,0.233
352,Yale,25,19,6,0.76,5.57,-1.6,9,3,10,2,7,4,2026,1825,,73.3,109,0.311,0.347,0.586,53.6,58.7,8.1,11.6,0.561,16.8,26.7,0.222